[
  {
    "success": {
      "fields": {
        "Success 200": [
          {
            "group": "Success 200",
            "optional": false,
            "field": "varname1",
            "description": "<p>No type.</p>"
          },
          {
            "group": "Success 200",
            "type": "String",
            "optional": false,
            "field": "varname2",
            "description": "<p>With type.</p>"
          }
        ]
      }
    },
    "type": "",
    "url": "",
    "version": "0.0.0",
    "filename": "./doc/main.js",
    "group": "C__Users_ACER_Desktop_computer_networks_ass1_routes_doc_main_js",
    "groupTitle": "C__Users_ACER_Desktop_computer_networks_ass1_routes_doc_main_js",
    "name": ""
  },
  {
    "type": "post",
    "url": "/files",
    "title": "Uploading files to the server",
    "name": "PostFile",
    "group": "File",
    "description": "<p>This API endpoint allows users to upload files, by appending a file with the key &quot;attachment&quot; into their FormData and sent it to the server.</p>",
    "success": {
      "fields": {
        "Success 200": [
          {
            "group": "Success 200",
            "type": "String",
            "optional": false,
            "field": "fileUrl",
            "description": "<p>The url of the uploaded file</p>"
          }
        ]
      }
    },
    "version": "0.0.0",
    "filename": "./file_routes.js",
    "groupTitle": "File"
  },
  {
    "type": "get",
    "url": "/users/me",
    "title": "Request Signed-In User information",
    "name": "GetMyUser",
    "group": "User",
    "success": {
      "fields": {
        "Success 200": [
          {
            "group": "Success 200",
            "type": "Object",
            "optional": false,
            "field": "customClaims",
            "description": ""
          },
          {
            "group": "Success 200",
            "type": "Boolean",
            "optional": false,
            "field": "disabled",
            "description": ""
          },
          {
            "group": "Success 200",
            "type": "String",
            "optional": false,
            "field": "displayName",
            "description": ""
          },
          {
            "group": "Success 200",
            "type": "String",
            "optional": false,
            "field": "email",
            "description": ""
          },
          {
            "group": "Success 200",
            "type": "Boolean",
            "optional": false,
            "field": "emailVerified",
            "description": ""
          },
          {
            "group": "Success 200",
            "type": "Object",
            "optional": false,
            "field": "metadata",
            "description": ""
          },
          {
            "group": "Success 200",
            "type": "String",
            "optional": false,
            "field": "passwordHash",
            "description": ""
          },
          {
            "group": "Success 200",
            "type": "String",
            "optional": false,
            "field": "passwordSalt",
            "description": ""
          },
          {
            "group": "Success 200",
            "type": "String",
            "optional": false,
            "field": "phoneNumber",
            "description": ""
          },
          {
            "group": "Success 200",
            "type": "String",
            "optional": false,
            "field": "photoURL",
            "description": ""
          },
          {
            "group": "Success 200",
            "type": "String",
            "optional": false,
            "field": "providerData",
            "description": ""
          },
          {
            "group": "Success 200",
            "type": "Array",
            "optional": false,
            "field": "tokensValidAfterTime",
            "description": ""
          },
          {
            "group": "Success 200",
            "type": "String",
            "optional": false,
            "field": "uid",
            "description": ""
          },
          {
            "group": "Success 200",
            "type": "String",
            "optional": false,
            "field": "name",
            "description": ""
          },
          {
            "group": "Success 200",
            "type": "String",
            "optional": false,
            "field": "ngaySinh",
            "description": ""
          },
          {
            "group": "Success 200",
            "type": "String",
            "optional": false,
            "field": "gioiTinh",
            "description": ""
          },
          {
            "group": "Success 200",
            "type": "String",
            "optional": false,
            "field": "role",
            "description": ""
          }
        ]
      }
    },
    "version": "0.0.0",
    "filename": "./user_routes.js",
    "groupTitle": "User"
  },
  {
    "type": "get",
    "url": "/users",
    "title": "Request User information",
    "name": "GetUser",
    "group": "User",
    "parameter": {
      "fields": {
        "Parameter": [
          {
            "group": "Parameter",
            "type": "String",
            "optional": false,
            "field": "name",
            "description": "<p>Users name.</p>"
          }
        ]
      }
    },
    "success": {
      "fields": {
        "Success 200": [
          {
            "group": "Success 200",
            "type": "Object",
            "optional": false,
            "field": "customClaims",
            "description": ""
          },
          {
            "group": "Success 200",
            "type": "Boolean",
            "optional": false,
            "field": "disabled",
            "description": ""
          },
          {
            "group": "Success 200",
            "type": "String",
            "optional": false,
            "field": "displayName",
            "description": ""
          },
          {
            "group": "Success 200",
            "type": "String",
            "optional": false,
            "field": "email",
            "description": ""
          },
          {
            "group": "Success 200",
            "type": "Boolean",
            "optional": false,
            "field": "emailVerified",
            "description": ""
          },
          {
            "group": "Success 200",
            "type": "Object",
            "optional": false,
            "field": "metadata",
            "description": ""
          },
          {
            "group": "Success 200",
            "type": "String",
            "optional": false,
            "field": "passwordHash",
            "description": ""
          },
          {
            "group": "Success 200",
            "type": "String",
            "optional": false,
            "field": "passwordSalt",
            "description": ""
          },
          {
            "group": "Success 200",
            "type": "String",
            "optional": false,
            "field": "phoneNumber",
            "description": ""
          },
          {
            "group": "Success 200",
            "type": "String",
            "optional": false,
            "field": "photoURL",
            "description": ""
          },
          {
            "group": "Success 200",
            "type": "String",
            "optional": false,
            "field": "providerData",
            "description": ""
          },
          {
            "group": "Success 200",
            "type": "Array",
            "optional": false,
            "field": "tokensValidAfterTime",
            "description": ""
          },
          {
            "group": "Success 200",
            "type": "String",
            "optional": false,
            "field": "uid",
            "description": ""
          },
          {
            "group": "Success 200",
            "type": "String",
            "optional": false,
            "field": "name",
            "description": ""
          },
          {
            "group": "Success 200",
            "type": "String",
            "optional": false,
            "field": "ngaySinh",
            "description": ""
          },
          {
            "group": "Success 200",
            "type": "String",
            "optional": false,
            "field": "gioiTinh",
            "description": ""
          },
          {
            "group": "Success 200",
            "type": "String",
            "optional": false,
            "field": "role",
            "description": ""
          }
        ]
      }
    },
    "version": "0.0.0",
    "filename": "./user_routes.js",
    "groupTitle": "User"
  },
  {
    "type": "post",
    "url": "/users",
    "title": "Create A User",
    "name": "PostUser",
    "group": "User",
    "parameter": {
      "fields": {
        "Parameter": [
          {
            "group": "Parameter",
            "type": "Boolean",
            "optional": false,
            "field": "disabled",
            "description": "<p>If the user is disabled.</p>"
          },
          {
            "group": "Parameter",
            "type": "String",
            "optional": false,
            "field": "displayName",
            "description": "<p>The displayName of the user</p>"
          },
          {
            "group": "Parameter",
            "type": "String",
            "optional": false,
            "field": "email",
            "description": "<p>The user's email</p>"
          },
          {
            "group": "Parameter",
            "type": "String",
            "optional": false,
            "field": "emailVerified",
            "description": "<p>Whether the user's email is verified</p>"
          },
          {
            "group": "Parameter",
            "type": "String",
            "optional": false,
            "field": "password",
            "description": "<p>The user's password in plaintext</p>"
          },
          {
            "group": "Parameter",
            "type": "String",
            "optional": false,
            "field": "phoneNumber",
            "description": "<p>A valid phone number</p>"
          },
          {
            "group": "Parameter",
            "type": "String",
            "optional": false,
            "field": "photoURL",
            "description": "<p>The photo which will be taken as avatar</p>"
          },
          {
            "group": "Parameter",
            "type": "String",
            "optional": false,
            "field": "uid",
            "description": "<p>The id of the user. This will be generated if left unspecified</p>"
          },
          {
            "group": "Parameter",
            "type": "String",
            "optional": false,
            "field": "ngaySinh",
            "description": "<p>The user's birthdate</p>"
          },
          {
            "group": "Parameter",
            "type": "String",
            "optional": false,
            "field": "role",
            "description": "<p>The role of the user</p>"
          },
          {
            "group": "Parameter",
            "type": "String",
            "optional": false,
            "field": "name",
            "description": "<p>The username</p>"
          },
          {
            "group": "Parameter",
            "type": "String",
            "optional": false,
            "field": "gioiTinh",
            "description": "<p>The user's gender</p>"
          }
        ]
      }
    },
    "success": {
      "fields": {
        "Success 200": [
          {
            "group": "Success 200",
            "type": "Object",
            "optional": false,
            "field": "customClaims",
            "description": "<p>The claims the user have on the database</p>"
          },
          {
            "group": "Success 200",
            "type": "Boolean",
            "optional": false,
            "field": "disabled",
            "description": "<p>Whether the user is disabled</p>"
          },
          {
            "group": "Success 200",
            "type": "String",
            "optional": false,
            "field": "displayName",
            "description": "<p>The displayname of the user</p>"
          },
          {
            "group": "Success 200",
            "type": "String",
            "optional": false,
            "field": "email",
            "description": "<p>The user's email</p>"
          },
          {
            "group": "Success 200",
            "type": "Boolean",
            "optional": false,
            "field": "emailVerified",
            "description": "<p>Whether the user's email is verified</p>"
          },
          {
            "group": "Success 200",
            "type": "Object",
            "optional": false,
            "field": "metadata",
            "description": ""
          },
          {
            "group": "Success 200",
            "type": "String",
            "optional": false,
            "field": "passwordHash",
            "description": ""
          },
          {
            "group": "Success 200",
            "type": "String",
            "optional": false,
            "field": "passwordSalt",
            "description": ""
          },
          {
            "group": "Success 200",
            "type": "String",
            "optional": false,
            "field": "phoneNumber",
            "description": ""
          },
          {
            "group": "Success 200",
            "type": "String",
            "optional": false,
            "field": "photoURL",
            "description": ""
          },
          {
            "group": "Success 200",
            "type": "String",
            "optional": false,
            "field": "providerData",
            "description": ""
          },
          {
            "group": "Success 200",
            "type": "Array",
            "optional": false,
            "field": "tokensValidAfterTime",
            "description": ""
          },
          {
            "group": "Success 200",
            "type": "String",
            "optional": false,
            "field": "uid",
            "description": ""
          },
          {
            "group": "Success 200",
            "type": "String",
            "optional": false,
            "field": "name",
            "description": ""
          },
          {
            "group": "Success 200",
            "type": "String",
            "optional": false,
            "field": "ngaySinh",
            "description": ""
          },
          {
            "group": "Success 200",
            "type": "String",
            "optional": false,
            "field": "gioiTinh",
            "description": ""
          },
          {
            "group": "Success 200",
            "type": "String",
            "optional": false,
            "field": "role",
            "description": ""
          }
        ]
      }
    },
    "version": "0.0.0",
    "filename": "./user_routes.js",
    "groupTitle": "User"
  },
  {
    "type": "post",
    "url": "/users/signin",
    "title": "Sign In A User",
    "name": "SignInUser",
    "group": "User",
    "parameter": {
      "fields": {
        "Parameter": [
          {
            "group": "Parameter",
            "type": "String",
            "optional": false,
            "field": "email",
            "description": "<p>User's email</p>"
          },
          {
            "group": "Parameter",
            "type": "String",
            "optional": false,
            "field": "password",
            "description": "<p>User's password in plaintext</p>"
          }
        ]
      }
    },
    "success": {
      "fields": {
        "Success 200": [
          {
            "group": "Success 200",
            "type": "String",
            "optional": false,
            "field": "idToken",
            "description": "<p>The token of the user for signing in</p>"
          },
          {
            "group": "Success 200",
            "type": "String",
            "optional": false,
            "field": "refreshToken",
            "description": "<p>The refresh token of the user</p>"
          }
        ]
      }
    },
    "version": "0.0.0",
    "filename": "./user_routes.js",
    "groupTitle": "User"
  },
  {
    "type": "post",
    "url": "/users/signout",
    "title": "Sign Out  A User",
    "name": "SignOutUser",
    "group": "User",
    "success": {
      "fields": {
        "Success 200": [
          {
            "group": "Success 200",
            "type": "String",
            "optional": false,
            "field": "timestamp",
            "description": "<p>The time at which the user's token is valid now</p>"
          }
        ]
      }
    },
    "version": "0.0.0",
    "filename": "./user_routes.js",
    "groupTitle": "User"
  }
]
